Epoch: [29][0/2689], lr: 0.00001	Time 31.103 (31.103)	Data 6.540 (6.540)	Loss 2.2275 (2.2275)	Prec@1 40.625 (40.625)	Prec@5 71.875 (71.875)
Epoch: [29][20/2689], lr: 0.00001	Time 5.048 (5.984)	Data 4.724 (4.479)	Loss 1.4675 (1.8883)	Prec@1 59.375 (52.381)	Prec@5 81.250 (78.571)
Epoch: [29][40/2689], lr: 0.00001	Time 5.420 (5.549)	Data 5.095 (4.619)	Loss 1.7313 (1.8884)	Prec@1 56.250 (52.210)	Prec@5 84.375 (79.116)
Epoch: [29][60/2689], lr: 0.00001	Time 4.721 (5.359)	Data 4.395 (4.627)	Loss 2.3198 (1.9386)	Prec@1 40.625 (50.973)	Prec@5 75.000 (77.766)
Epoch: [29][80/2689], lr: 0.00001	Time 5.283 (5.324)	Data 4.960 (4.691)	Loss 2.0264 (1.9319)	Prec@1 40.625 (51.312)	Prec@5 78.125 (77.469)
Epoch: [29][100/2689], lr: 0.00001	Time 5.656 (5.274)	Data 5.335 (4.703)	Loss 2.3570 (1.9525)	Prec@1 37.500 (50.650)	Prec@5 71.875 (77.444)
Epoch: [29][120/2689], lr: 0.00001	Time 5.188 (5.225)	Data 4.847 (4.695)	Loss 2.3787 (1.9780)	Prec@1 37.500 (50.000)	Prec@5 75.000 (76.963)
Epoch: [29][140/2689], lr: 0.00001	Time 5.160 (5.212)	Data 4.829 (4.711)	Loss 2.1561 (1.9821)	Prec@1 40.625 (49.978)	Prec@5 75.000 (77.105)
Epoch: [29][160/2689], lr: 0.00001	Time 4.671 (5.185)	Data 4.351 (4.705)	Loss 1.7163 (1.9557)	Prec@1 50.000 (50.214)	Prec@5 81.250 (77.698)
Epoch: [29][180/2689], lr: 0.00001	Time 5.214 (5.176)	Data 4.889 (4.713)	Loss 1.9855 (1.9764)	Prec@1 40.625 (49.862)	Prec@5 75.000 (77.348)
Epoch: [29][200/2689], lr: 0.00001	Time 5.101 (5.171)	Data 4.772 (4.722)	Loss 2.3326 (1.9670)	Prec@1 43.750 (49.969)	Prec@5 62.500 (77.410)
Epoch: [29][220/2689], lr: 0.00001	Time 4.754 (5.148)	Data 4.417 (4.710)	Loss 2.1501 (1.9725)	Prec@1 50.000 (49.887)	Prec@5 65.625 (77.347)
Epoch: [29][240/2689], lr: 0.00001	Time 5.775 (5.128)	Data 5.432 (4.699)	Loss 2.4524 (1.9849)	Prec@1 46.875 (49.754)	Prec@5 68.750 (76.958)
Epoch: [29][260/2689], lr: 0.00001	Time 6.314 (5.118)	Data 5.986 (4.697)	Loss 2.0489 (1.9822)	Prec@1 43.750 (49.725)	Prec@5 78.125 (77.215)
Epoch: [29][280/2689], lr: 0.00001	Time 6.836 (5.135)	Data 6.508 (4.720)	Loss 1.9812 (1.9945)	Prec@1 46.875 (49.388)	Prec@5 71.875 (77.024)
Epoch: [29][300/2689], lr: 0.00001	Time 4.458 (5.117)	Data 4.135 (4.708)	Loss 2.3008 (2.0005)	Prec@1 43.750 (49.242)	Prec@5 68.750 (76.879)
Epoch: [29][320/2689], lr: 0.00001	Time 4.814 (5.115)	Data 4.488 (4.711)	Loss 1.7160 (2.0038)	Prec@1 56.250 (48.968)	Prec@5 84.375 (76.820)
Epoch: [29][340/2689], lr: 0.00001	Time 4.823 (5.107)	Data 4.495 (4.708)	Loss 1.0503 (2.0002)	Prec@1 78.125 (48.937)	Prec@5 93.750 (76.842)
Epoch: [29][360/2689], lr: 0.00001	Time 5.529 (5.103)	Data 5.193 (4.708)	Loss 2.3461 (2.0017)	Prec@1 40.625 (48.918)	Prec@5 65.625 (76.749)
Epoch: [29][380/2689], lr: 0.00001	Time 5.072 (5.100)	Data 4.751 (4.709)	Loss 1.6531 (1.9983)	Prec@1 56.250 (49.090)	Prec@5 87.500 (76.854)
Epoch: [29][400/2689], lr: 0.00001	Time 4.668 (5.096)	Data 4.342 (4.708)	Loss 1.4781 (1.9988)	Prec@1 62.500 (48.995)	Prec@5 87.500 (76.800)
Epoch: [29][420/2689], lr: 0.00001	Time 4.905 (5.097)	Data 4.578 (4.712)	Loss 2.5150 (1.9980)	Prec@1 34.375 (49.050)	Prec@5 68.750 (76.767)
Epoch: [29][440/2689], lr: 0.00001	Time 6.301 (5.104)	Data 5.970 (4.721)	Loss 2.1902 (1.9962)	Prec@1 43.750 (49.107)	Prec@5 68.750 (76.757)
Epoch: [29][460/2689], lr: 0.00001	Time 6.380 (5.102)	Data 6.031 (4.722)	Loss 2.5113 (2.0021)	Prec@1 50.000 (49.037)	Prec@5 65.625 (76.613)
Epoch: [29][480/2689], lr: 0.00001	Time 4.665 (5.102)	Data 4.340 (4.724)	Loss 1.8851 (2.0023)	Prec@1 50.000 (48.986)	Prec@5 87.500 (76.637)
Epoch: [29][500/2689], lr: 0.00001	Time 5.241 (5.101)	Data 4.916 (4.725)	Loss 1.6281 (1.9979)	Prec@1 56.250 (49.046)	Prec@5 87.500 (76.703)
Epoch: [29][520/2689], lr: 0.00001	Time 5.455 (5.099)	Data 5.130 (4.725)	Loss 1.8106 (1.9959)	Prec@1 56.250 (49.046)	Prec@5 75.000 (76.811)
Epoch: [29][540/2689], lr: 0.00001	Time 5.073 (5.092)	Data 4.753 (4.719)	Loss 2.4539 (1.9945)	Prec@1 46.875 (49.122)	Prec@5 71.875 (76.860)
Epoch: [29][560/2689], lr: 0.00001	Time 4.698 (5.092)	Data 4.370 (4.722)	Loss 1.7112 (1.9950)	Prec@1 46.875 (49.075)	Prec@5 75.000 (76.794)
Epoch: [29][580/2689], lr: 0.00001	Time 4.612 (5.090)	Data 4.285 (4.721)	Loss 1.9448 (1.9939)	Prec@1 56.250 (49.086)	Prec@5 71.875 (76.818)
Epoch: [29][600/2689], lr: 0.00001	Time 5.751 (5.091)	Data 5.426 (4.724)	Loss 1.9867 (1.9963)	Prec@1 43.750 (49.054)	Prec@5 75.000 (76.731)
Epoch: [29][620/2689], lr: 0.00001	Time 6.173 (5.093)	Data 5.846 (4.727)	Loss 1.9156 (1.9958)	Prec@1 56.250 (49.049)	Prec@5 68.750 (76.711)
Epoch: [29][640/2689], lr: 0.00001	Time 4.568 (5.088)	Data 4.248 (4.723)	Loss 1.9785 (1.9955)	Prec@1 62.500 (49.049)	Prec@5 84.375 (76.701)
Epoch: [29][660/2689], lr: 0.00001	Time 6.001 (5.085)	Data 5.674 (4.721)	Loss 2.0415 (1.9952)	Prec@1 43.750 (49.021)	Prec@5 81.250 (76.740)
Epoch: [29][680/2689], lr: 0.00001	Time 4.367 (5.078)	Data 4.046 (4.716)	Loss 1.8508 (1.9908)	Prec@1 43.750 (49.091)	Prec@5 81.250 (76.799)
Epoch: [29][700/2689], lr: 0.00001	Time 5.185 (5.073)	Data 4.860 (4.712)	Loss 1.7049 (1.9879)	Prec@1 59.375 (49.108)	Prec@5 78.125 (76.814)
Epoch: [29][720/2689], lr: 0.00001	Time 4.711 (5.070)	Data 4.387 (4.709)	Loss 2.3882 (1.9890)	Prec@1 43.750 (49.090)	Prec@5 68.750 (76.794)
Epoch: [29][740/2689], lr: 0.00001	Time 4.696 (5.065)	Data 4.369 (4.706)	Loss 2.0198 (1.9887)	Prec@1 53.125 (49.038)	Prec@5 75.000 (76.763)
Epoch: [29][760/2689], lr: 0.00001	Time 5.896 (5.063)	Data 5.568 (4.705)	Loss 1.9612 (1.9846)	Prec@1 50.000 (49.056)	Prec@5 84.375 (76.868)
Epoch: [29][780/2689], lr: 0.00001	Time 5.381 (5.065)	Data 5.058 (4.707)	Loss 1.4042 (1.9840)	Prec@1 56.250 (49.052)	Prec@5 87.500 (76.913)
Epoch: [29][800/2689], lr: 0.00001	Time 4.498 (5.057)	Data 4.175 (4.700)	Loss 2.5966 (1.9836)	Prec@1 40.625 (49.079)	Prec@5 68.750 (76.916)
Epoch: [29][820/2689], lr: 0.00001	Time 6.091 (5.054)	Data 5.760 (4.698)	Loss 2.2822 (1.9842)	Prec@1 50.000 (49.067)	Prec@5 75.000 (76.930)
Epoch: [29][840/2689], lr: 0.00001	Time 4.575 (5.060)	Data 4.251 (4.705)	Loss 1.5136 (1.9830)	Prec@1 59.375 (49.097)	Prec@5 84.375 (76.981)
Epoch: [29][860/2689], lr: 0.00001	Time 4.661 (5.056)	Data 4.334 (4.701)	Loss 2.2172 (1.9791)	Prec@1 31.250 (49.194)	Prec@5 78.125 (77.043)
Epoch: [29][880/2689], lr: 0.00001	Time 4.826 (5.053)	Data 4.498 (4.699)	Loss 2.0844 (1.9793)	Prec@1 53.125 (49.234)	Prec@5 84.375 (77.068)
Epoch: [29][900/2689], lr: 0.00001	Time 5.540 (5.048)	Data 5.215 (4.694)	Loss 2.0339 (1.9799)	Prec@1 50.000 (49.202)	Prec@5 75.000 (77.046)
Epoch: [29][920/2689], lr: 0.00001	Time 5.641 (5.045)	Data 5.302 (4.692)	Loss 2.2727 (1.9811)	Prec@1 43.750 (49.189)	Prec@5 75.000 (77.019)
Epoch: [29][940/2689], lr: 0.00001	Time 4.432 (5.042)	Data 4.111 (4.690)	Loss 1.9348 (1.9815)	Prec@1 43.750 (49.130)	Prec@5 84.375 (77.009)
Epoch: [29][960/2689], lr: 0.00001	Time 4.941 (5.040)	Data 4.604 (4.688)	Loss 2.2227 (1.9795)	Prec@1 50.000 (49.220)	Prec@5 75.000 (77.081)
Epoch: [29][980/2689], lr: 0.00001	Time 4.505 (5.040)	Data 4.180 (4.689)	Loss 1.7874 (1.9817)	Prec@1 56.250 (49.188)	Prec@5 81.250 (77.048)
Epoch: [29][1000/2689], lr: 0.00001	Time 5.076 (5.041)	Data 4.772 (4.690)	Loss 2.2132 (1.9808)	Prec@1 46.875 (49.213)	Prec@5 71.875 (77.060)
Epoch: [29][1020/2689], lr: 0.00001	Time 4.705 (5.037)	Data 4.379 (4.687)	Loss 1.7530 (1.9783)	Prec@1 62.500 (49.241)	Prec@5 75.000 (77.121)
Epoch: [29][1040/2689], lr: 0.00001	Time 4.584 (5.037)	Data 4.263 (4.688)	Loss 2.0236 (1.9796)	Prec@1 56.250 (49.253)	Prec@5 75.000 (77.068)
Epoch: [29][1060/2689], lr: 0.00001	Time 5.384 (5.033)	Data 5.057 (4.684)	Loss 1.7986 (1.9809)	Prec@1 40.625 (49.240)	Prec@5 81.250 (77.020)
Epoch: [29][1080/2689], lr: 0.00001	Time 5.364 (5.031)	Data 5.028 (4.682)	Loss 1.7958 (1.9811)	Prec@1 59.375 (49.191)	Prec@5 78.125 (77.047)
Epoch: [29][1100/2689], lr: 0.00001	Time 4.445 (5.029)	Data 4.121 (4.681)	Loss 1.7187 (1.9814)	Prec@1 62.500 (49.166)	Prec@5 84.375 (76.998)
Epoch: [29][1120/2689], lr: 0.00001	Time 5.288 (5.029)	Data 4.961 (4.681)	Loss 1.5765 (1.9821)	Prec@1 46.875 (49.116)	Prec@5 87.500 (77.021)
Epoch: [29][1140/2689], lr: 0.00001	Time 4.536 (5.029)	Data 4.208 (4.681)	Loss 2.2651 (1.9821)	Prec@1 40.625 (49.102)	Prec@5 71.875 (77.027)
Epoch: [29][1160/2689], lr: 0.00001	Time 4.470 (5.030)	Data 4.142 (4.683)	Loss 2.3909 (1.9818)	Prec@1 28.125 (49.079)	Prec@5 71.875 (77.043)
Epoch: [29][1180/2689], lr: 0.00001	Time 5.947 (5.041)	Data 5.598 (4.694)	Loss 1.5409 (1.9821)	Prec@1 56.250 (49.074)	Prec@5 93.750 (77.043)
Epoch: [29][1200/2689], lr: 0.00001	Time 5.151 (5.049)	Data 4.822 (4.702)	Loss 1.8876 (1.9816)	Prec@1 50.000 (49.055)	Prec@5 81.250 (77.087)
Epoch: [29][1220/2689], lr: 0.00001	Time 5.479 (5.055)	Data 5.151 (4.709)	Loss 1.9018 (1.9800)	Prec@1 65.625 (49.056)	Prec@5 81.250 (77.088)
Epoch: [29][1240/2689], lr: 0.00001	Time 5.641 (5.063)	Data 5.315 (4.717)	Loss 2.5406 (1.9779)	Prec@1 40.625 (49.106)	Prec@5 62.500 (77.100)
Epoch: [29][1260/2689], lr: 0.00001	Time 5.174 (5.069)	Data 4.846 (4.724)	Loss 2.2667 (1.9782)	Prec@1 28.125 (49.063)	Prec@5 59.375 (77.082)
Epoch: [29][1280/2689], lr: 0.00001	Time 5.485 (5.074)	Data 5.163 (4.728)	Loss 2.5699 (1.9777)	Prec@1 31.250 (49.078)	Prec@5 59.375 (77.078)
Epoch: [29][1300/2689], lr: 0.00001	Time 5.474 (5.085)	Data 5.146 (4.740)	Loss 2.1215 (1.9791)	Prec@1 40.625 (49.044)	Prec@5 71.875 (77.047)
Epoch: [29][1320/2689], lr: 0.00001	Time 5.448 (5.095)	Data 5.122 (4.751)	Loss 1.4906 (1.9789)	Prec@1 59.375 (49.061)	Prec@5 93.750 (77.058)
Epoch: [29][1340/2689], lr: 0.00001	Time 5.499 (5.103)	Data 5.178 (4.759)	Loss 1.8602 (1.9798)	Prec@1 56.250 (49.010)	Prec@5 81.250 (77.051)
Epoch: [29][1360/2689], lr: 0.00001	Time 5.625 (5.112)	Data 5.298 (4.768)	Loss 2.3120 (1.9804)	Prec@1 43.750 (48.978)	Prec@5 65.625 (77.062)
Epoch: [29][1380/2689], lr: 0.00001	Time 5.424 (5.120)	Data 5.095 (4.776)	Loss 2.0142 (1.9814)	Prec@1 50.000 (48.989)	Prec@5 78.125 (77.043)
Epoch: [29][1400/2689], lr: 0.00001	Time 5.339 (5.129)	Data 5.015 (4.785)	Loss 1.6276 (1.9804)	Prec@1 56.250 (49.007)	Prec@5 71.875 (77.023)
Epoch: [29][1420/2689], lr: 0.00001	Time 5.188 (5.138)	Data 4.877 (4.795)	Loss 2.3424 (1.9813)	Prec@1 43.750 (49.015)	Prec@5 71.875 (76.995)
Epoch: [29][1440/2689], lr: 0.00001	Time 5.921 (5.144)	Data 5.589 (4.801)	Loss 1.7960 (1.9797)	Prec@1 59.375 (49.018)	Prec@5 75.000 (77.012)
Epoch: [29][1460/2689], lr: 0.00001	Time 5.312 (5.151)	Data 4.972 (4.809)	Loss 2.3517 (1.9806)	Prec@1 43.750 (49.025)	Prec@5 75.000 (77.004)
Epoch: [29][1480/2689], lr: 0.00001	Time 5.085 (5.157)	Data 4.768 (4.814)	Loss 1.7001 (1.9815)	Prec@1 53.125 (49.015)	Prec@5 84.375 (76.962)
Epoch: [29][1500/2689], lr: 0.00001	Time 5.439 (5.163)	Data 5.112 (4.821)	Loss 1.9969 (1.9805)	Prec@1 50.000 (49.053)	Prec@5 81.250 (76.984)
Epoch: [29][1520/2689], lr: 0.00001	Time 5.388 (5.169)	Data 5.067 (4.827)	Loss 2.2168 (1.9810)	Prec@1 53.125 (49.034)	Prec@5 68.750 (76.983)
Epoch: [29][1540/2689], lr: 0.00001	Time 5.186 (5.178)	Data 4.856 (4.836)	Loss 1.9505 (1.9818)	Prec@1 46.875 (49.031)	Prec@5 71.875 (76.937)
Epoch: [29][1560/2689], lr: 0.00001	Time 5.877 (5.185)	Data 5.556 (4.843)	Loss 1.2893 (1.9814)	Prec@1 68.750 (49.037)	Prec@5 90.625 (76.948)
Epoch: [29][1580/2689], lr: 0.00001	Time 5.190 (5.191)	Data 4.867 (4.850)	Loss 1.9237 (1.9807)	Prec@1 40.625 (49.039)	Prec@5 78.125 (76.973)
Epoch: [29][1600/2689], lr: 0.00001	Time 6.150 (5.199)	Data 5.815 (4.858)	Loss 2.4651 (1.9828)	Prec@1 40.625 (48.999)	Prec@5 68.750 (76.956)
Epoch: [29][1620/2689], lr: 0.00001	Time 5.523 (5.205)	Data 5.198 (4.864)	Loss 1.5588 (1.9838)	Prec@1 62.500 (49.001)	Prec@5 93.750 (76.926)
Epoch: [29][1640/2689], lr: 0.00001	Time 6.022 (5.210)	Data 5.692 (4.869)	Loss 2.0669 (1.9840)	Prec@1 43.750 (48.996)	Prec@5 71.875 (76.901)
Epoch: [29][1660/2689], lr: 0.00001	Time 8.137 (5.219)	Data 7.828 (4.878)	Loss 2.3552 (1.9827)	Prec@1 37.500 (49.005)	Prec@5 78.125 (76.936)
Epoch: [29][1680/2689], lr: 0.00001	Time 5.430 (5.224)	Data 5.099 (4.883)	Loss 1.9465 (1.9839)	Prec@1 50.000 (48.981)	Prec@5 81.250 (76.930)
Epoch: [29][1700/2689], lr: 0.00001	Time 6.370 (5.228)	Data 6.039 (4.887)	Loss 1.9990 (1.9840)	Prec@1 50.000 (49.010)	Prec@5 78.125 (76.925)
Epoch: [29][1720/2689], lr: 0.00001	Time 5.849 (5.233)	Data 5.528 (4.893)	Loss 2.3228 (1.9835)	Prec@1 43.750 (49.023)	Prec@5 71.875 (76.925)
Epoch: [29][1740/2689], lr: 0.00001	Time 5.260 (5.239)	Data 4.932 (4.899)	Loss 2.0303 (1.9838)	Prec@1 37.500 (49.020)	Prec@5 78.125 (76.913)
Epoch: [29][1760/2689], lr: 0.00001	Time 5.521 (5.246)	Data 5.195 (4.906)	Loss 1.5890 (1.9832)	Prec@1 59.375 (49.033)	Prec@5 84.375 (76.932)
Epoch: [29][1780/2689], lr: 0.00001	Time 5.565 (5.251)	Data 5.227 (4.911)	Loss 2.4655 (1.9835)	Prec@1 43.750 (49.012)	Prec@5 65.625 (76.960)
Epoch: [29][1800/2689], lr: 0.00001	Time 6.498 (5.257)	Data 6.161 (4.917)	Loss 1.9729 (1.9835)	Prec@1 53.125 (49.040)	Prec@5 71.875 (76.943)
Epoch: [29][1820/2689], lr: 0.00001	Time 5.764 (5.261)	Data 5.425 (4.922)	Loss 1.6468 (1.9830)	Prec@1 62.500 (49.085)	Prec@5 81.250 (76.948)
Epoch: [29][1840/2689], lr: 0.00001	Time 5.790 (5.269)	Data 5.465 (4.929)	Loss 2.0159 (1.9823)	Prec@1 53.125 (49.128)	Prec@5 78.125 (76.979)
Epoch: [29][1860/2689], lr: 0.00001	Time 5.541 (5.272)	Data 5.215 (4.933)	Loss 2.1056 (1.9827)	Prec@1 46.875 (49.117)	Prec@5 71.875 (76.968)
Epoch: [29][1880/2689], lr: 0.00001	Time 5.438 (5.277)	Data 5.116 (4.938)	Loss 1.8599 (1.9839)	Prec@1 62.500 (49.110)	Prec@5 78.125 (76.949)
Epoch: [29][1900/2689], lr: 0.00001	Time 5.212 (5.280)	Data 4.882 (4.940)	Loss 1.8965 (1.9836)	Prec@1 46.875 (49.111)	Prec@5 84.375 (76.950)
Epoch: [29][1920/2689], lr: 0.00001	Time 5.497 (5.285)	Data 5.158 (4.946)	Loss 2.3831 (1.9837)	Prec@1 37.500 (49.099)	Prec@5 68.750 (76.947)
Epoch: [29][1940/2689], lr: 0.00001	Time 5.157 (5.290)	Data 4.838 (4.952)	Loss 2.1716 (1.9837)	Prec@1 43.750 (49.118)	Prec@5 68.750 (76.938)
Epoch: [29][1960/2689], lr: 0.00001	Time 5.593 (5.296)	Data 5.262 (4.957)	Loss 1.7603 (1.9836)	Prec@1 53.125 (49.103)	Prec@5 87.500 (76.928)
Epoch: [29][1980/2689], lr: 0.00001	Time 5.741 (5.301)	Data 5.411 (4.962)	Loss 1.8935 (1.9833)	Prec@1 50.000 (49.121)	Prec@5 87.500 (76.936)
Epoch: [29][2000/2689], lr: 0.00001	Time 5.279 (5.306)	Data 4.945 (4.967)	Loss 1.8613 (1.9831)	Prec@1 56.250 (49.125)	Prec@5 75.000 (76.935)
Epoch: [29][2020/2689], lr: 0.00001	Time 5.330 (5.311)	Data 5.006 (4.972)	Loss 1.5558 (1.9828)	Prec@1 50.000 (49.137)	Prec@5 84.375 (76.913)
Epoch: [29][2040/2689], lr: 0.00001	Time 5.438 (5.314)	Data 5.110 (4.976)	Loss 2.0950 (1.9841)	Prec@1 46.875 (49.109)	Prec@5 78.125 (76.885)
Epoch: [29][2060/2689], lr: 0.00001	Time 5.436 (5.319)	Data 5.116 (4.981)	Loss 1.9297 (1.9839)	Prec@1 40.625 (49.098)	Prec@5 90.625 (76.898)
Epoch: [29][2080/2689], lr: 0.00001	Time 5.840 (5.324)	Data 5.519 (4.986)	Loss 1.8987 (1.9840)	Prec@1 62.500 (49.087)	Prec@5 81.250 (76.907)
Epoch: [29][2100/2689], lr: 0.00001	Time 5.391 (5.327)	Data 5.058 (4.989)	Loss 1.3263 (1.9844)	Prec@1 65.625 (49.048)	Prec@5 90.625 (76.913)
Epoch: [29][2120/2689], lr: 0.00001	Time 6.099 (5.334)	Data 5.771 (4.996)	Loss 1.7388 (1.9854)	Prec@1 62.500 (49.028)	Prec@5 75.000 (76.893)
Epoch: [29][2140/2689], lr: 0.00001	Time 5.233 (5.336)	Data 4.907 (4.999)	Loss 2.2320 (1.9857)	Prec@1 46.875 (49.006)	Prec@5 65.625 (76.880)
Epoch: [29][2160/2689], lr: 0.00001	Time 5.532 (5.344)	Data 5.213 (5.006)	Loss 2.1895 (1.9862)	Prec@1 50.000 (49.002)	Prec@5 68.750 (76.855)
Epoch: [29][2180/2689], lr: 0.00001	Time 5.454 (5.347)	Data 5.130 (5.009)	Loss 1.4404 (1.9874)	Prec@1 62.500 (48.976)	Prec@5 90.625 (76.841)
Epoch: [29][2200/2689], lr: 0.00001	Time 5.472 (5.350)	Data 5.142 (5.012)	Loss 2.1962 (1.9872)	Prec@1 37.500 (48.971)	Prec@5 78.125 (76.849)
Epoch: [29][2220/2689], lr: 0.00001	Time 5.680 (5.353)	Data 5.350 (5.016)	Loss 2.2045 (1.9878)	Prec@1 43.750 (48.971)	Prec@5 68.750 (76.829)
Epoch: [29][2240/2689], lr: 0.00001	Time 6.447 (5.358)	Data 6.122 (5.020)	Loss 1.6920 (1.9887)	Prec@1 53.125 (48.935)	Prec@5 81.250 (76.807)
Epoch: [29][2260/2689], lr: 0.00001	Time 6.278 (5.361)	Data 5.956 (5.024)	Loss 1.8255 (1.9882)	Prec@1 50.000 (48.945)	Prec@5 84.375 (76.823)
Epoch: [29][2280/2689], lr: 0.00001	Time 5.155 (5.363)	Data 4.820 (5.026)	Loss 1.7385 (1.9878)	Prec@1 46.875 (48.959)	Prec@5 84.375 (76.808)
Epoch: [29][2300/2689], lr: 0.00001	Time 6.136 (5.369)	Data 5.804 (5.032)	Loss 1.4303 (1.9876)	Prec@1 71.875 (48.975)	Prec@5 87.500 (76.812)
Epoch: [29][2320/2689], lr: 0.00001	Time 5.509 (5.371)	Data 5.176 (5.034)	Loss 2.7774 (1.9880)	Prec@1 40.625 (48.966)	Prec@5 59.375 (76.789)
Epoch: [29][2340/2689], lr: 0.00001	Time 5.996 (5.374)	Data 5.664 (5.037)	Loss 1.7838 (1.9884)	Prec@1 50.000 (48.949)	Prec@5 78.125 (76.786)
Epoch: [29][2360/2689], lr: 0.00001	Time 5.263 (5.377)	Data 4.924 (5.041)	Loss 2.4789 (1.9887)	Prec@1 31.250 (48.952)	Prec@5 71.875 (76.780)
Epoch: [29][2380/2689], lr: 0.00001	Time 5.723 (5.381)	Data 5.413 (5.044)	Loss 1.8574 (1.9880)	Prec@1 50.000 (48.943)	Prec@5 78.125 (76.798)
Epoch: [29][2400/2689], lr: 0.00001	Time 5.196 (5.383)	Data 4.864 (5.046)	Loss 1.7974 (1.9887)	Prec@1 53.125 (48.909)	Prec@5 81.250 (76.774)
Epoch: [29][2420/2689], lr: 0.00001	Time 5.512 (5.387)	Data 5.184 (5.051)	Loss 1.7102 (1.9883)	Prec@1 40.625 (48.912)	Prec@5 78.125 (76.789)
Epoch: [29][2440/2689], lr: 0.00001	Time 6.273 (5.392)	Data 5.938 (5.056)	Loss 1.7154 (1.9888)	Prec@1 46.875 (48.916)	Prec@5 81.250 (76.771)
Epoch: [29][2460/2689], lr: 0.00001	Time 6.069 (5.395)	Data 5.739 (5.059)	Loss 2.2465 (1.9882)	Prec@1 46.875 (48.926)	Prec@5 65.625 (76.775)
Epoch: [29][2480/2689], lr: 0.00001	Time 5.289 (5.399)	Data 4.949 (5.063)	Loss 2.2724 (1.9880)	Prec@1 53.125 (48.944)	Prec@5 84.375 (76.782)
Epoch: [29][2500/2689], lr: 0.00001	Time 6.148 (5.405)	Data 5.827 (5.069)	Loss 2.4425 (1.9890)	Prec@1 37.500 (48.927)	Prec@5 68.750 (76.758)
Epoch: [29][2520/2689], lr: 0.00001	Time 5.269 (5.408)	Data 4.949 (5.072)	Loss 1.6520 (1.9889)	Prec@1 53.125 (48.913)	Prec@5 81.250 (76.764)
Epoch: [29][2540/2689], lr: 0.00001	Time 5.386 (5.409)	Data 5.063 (5.073)	Loss 1.6404 (1.9890)	Prec@1 56.250 (48.902)	Prec@5 84.375 (76.746)
Epoch: [29][2560/2689], lr: 0.00001	Time 5.309 (5.412)	Data 4.982 (5.077)	Loss 2.1272 (1.9881)	Prec@1 46.875 (48.925)	Prec@5 65.625 (76.761)
Epoch: [29][2580/2689], lr: 0.00001	Time 5.884 (5.414)	Data 5.557 (5.078)	Loss 2.4262 (1.9877)	Prec@1 43.750 (48.910)	Prec@5 65.625 (76.779)
Epoch: [29][2600/2689], lr: 0.00001	Time 5.258 (5.416)	Data 4.906 (5.081)	Loss 2.0962 (1.9873)	Prec@1 37.500 (48.923)	Prec@5 75.000 (76.789)
Epoch: [29][2620/2689], lr: 0.00001	Time 5.404 (5.419)	Data 5.076 (5.083)	Loss 2.2381 (1.9878)	Prec@1 40.625 (48.913)	Prec@5 75.000 (76.781)
Epoch: [29][2640/2689], lr: 0.00001	Time 6.033 (5.420)	Data 5.709 (5.084)	Loss 1.5551 (1.9875)	Prec@1 53.125 (48.927)	Prec@5 87.500 (76.791)
Epoch: [29][2660/2689], lr: 0.00001	Time 5.832 (5.420)	Data 5.490 (5.084)	Loss 1.5816 (1.9875)	Prec@1 56.250 (48.945)	Prec@5 81.250 (76.793)
Epoch: [29][2680/2689], lr: 0.00001	Time 6.147 (5.423)	Data 5.824 (5.087)	Loss 2.3711 (1.9873)	Prec@1 31.250 (48.950)	Prec@5 68.750 (76.790)
Test: [0/361]	Time 7.346 (7.346)	Loss 3.5570 (3.5570)	Prec@1 25.000 (25.000)	Prec@5 46.875 (46.875)
Test: [20/361]	Time 6.173 (6.316)	Loss 3.3844 (3.1607)	Prec@1 9.375 (27.381)	Prec@5 53.125 (59.077)
Test: [40/361]	Time 5.761 (6.625)	Loss 3.4010 (3.2547)	Prec@1 31.250 (25.305)	Prec@5 56.250 (57.622)
Test: [60/361]	Time 9.509 (6.713)	Loss 2.8737 (3.3334)	Prec@1 31.250 (25.256)	Prec@5 59.375 (55.840)
Test: [80/361]	Time 5.858 (6.708)	Loss 3.0734 (3.3375)	Prec@1 34.375 (25.579)	Prec@5 62.500 (55.903)
Test: [100/361]	Time 7.203 (6.756)	Loss 3.0984 (3.3643)	Prec@1 18.750 (25.619)	Prec@5 62.500 (55.384)
Test: [120/361]	Time 5.740 (6.678)	Loss 3.4345 (3.3900)	Prec@1 18.750 (25.568)	Prec@5 46.875 (55.191)
Test: [140/361]	Time 6.297 (6.737)	Loss 4.5955 (3.3887)	Prec@1 25.000 (25.621)	Prec@5 40.625 (55.319)
Test: [160/361]	Time 5.714 (6.765)	Loss 2.7903 (3.4142)	Prec@1 31.250 (25.349)	Prec@5 65.625 (54.930)
Test: [180/361]	Time 6.423 (6.780)	Loss 3.0428 (3.4115)	Prec@1 34.375 (25.173)	Prec@5 59.375 (54.990)
Test: [200/361]	Time 5.975 (6.789)	Loss 3.7629 (3.4074)	Prec@1 15.625 (25.093)	Prec@5 31.250 (54.991)
Test: [220/361]	Time 6.315 (6.716)	Loss 3.5480 (3.4166)	Prec@1 21.875 (25.127)	Prec@5 50.000 (54.779)
Test: [240/361]	Time 5.911 (6.692)	Loss 2.7790 (3.4055)	Prec@1 25.000 (25.195)	Prec@5 65.625 (54.876)
Test: [260/361]	Time 5.826 (6.673)	Loss 3.4038 (3.4056)	Prec@1 18.750 (25.180)	Prec@5 53.125 (54.741)
Test: [280/361]	Time 5.824 (6.624)	Loss 3.8399 (3.4125)	Prec@1 31.250 (25.111)	Prec@5 53.125 (54.448)
Test: [300/361]	Time 5.865 (6.590)	Loss 2.7524 (3.4002)	Prec@1 21.875 (25.291)	Prec@5 59.375 (54.745)
Test: [320/361]	Time 5.846 (6.553)	Loss 2.9774 (3.3910)	Prec@1 31.250 (25.389)	Prec@5 62.500 (55.004)
Test: [340/361]	Time 5.783 (6.515)	Loss 3.2633 (3.3784)	Prec@1 18.750 (25.449)	Prec@5 50.000 (55.214)
Test: [360/361]	Time 2.104 (6.508)	Loss 6.6483 (3.3752)	Prec@1 0.000 (25.464)	Prec@5 0.000 (55.173)
Testing Results: Prec@1 25.464 Prec@5 55.173 Loss 3.37515 
Best Prec@1: 25.421
Epoch: [30][0/2689], lr: 0.00001	Time 68.233 (68.233)	Data 67.846 (67.846)	Loss 2.1347 (2.1347)	Prec@1 43.750 (43.750)	Prec@5 68.750 (68.750)
Epoch: [30][20/2689], lr: 0.00001	Time 4.861 (27.609)	Data 4.530 (27.252)	Loss 1.6726 (1.9734)	Prec@1 56.250 (49.405)	Prec@5 87.500 (77.827)
Epoch: [30][40/2689], lr: 0.00001	Time 4.827 (16.542)	Data 4.501 (16.198)	Loss 2.3195 (1.9821)	Prec@1 43.750 (49.695)	Prec@5 59.375 (76.601)
Epoch: [30][60/2689], lr: 0.00001	Time 5.021 (12.735)	Data 4.694 (12.396)	Loss 1.5066 (1.9430)	Prec@1 53.125 (49.846)	Prec@5 84.375 (77.459)
Epoch: [30][80/2689], lr: 0.00001	Time 4.807 (10.811)	Data 4.479 (10.475)	Loss 1.9973 (1.9494)	Prec@1 40.625 (49.730)	Prec@5 78.125 (77.431)
Epoch: [30][100/2689], lr: 0.00001	Time 5.229 (9.669)	Data 4.906 (9.334)	Loss 1.7919 (1.9641)	Prec@1 40.625 (49.783)	Prec@5 81.250 (77.197)
Epoch: [30][120/2689], lr: 0.00001	Time 5.040 (8.902)	Data 4.710 (8.568)	Loss 2.6860 (1.9750)	Prec@1 43.750 (49.535)	Prec@5 56.250 (76.808)
Epoch: [30][140/2689], lr: 0.00001	Time 5.020 (8.350)	Data 4.693 (8.016)	Loss 1.8959 (1.9895)	Prec@1 37.500 (49.091)	Prec@5 81.250 (76.529)
Epoch: [30][160/2689], lr: 0.00001	Time 4.703 (7.920)	Data 4.381 (7.587)	Loss 1.5246 (1.9798)	Prec@1 56.250 (49.301)	Prec@5 87.500 (76.863)
Epoch: [30][180/2689], lr: 0.00001	Time 4.914 (7.588)	Data 4.587 (7.256)	Loss 1.9467 (1.9997)	Prec@1 46.875 (49.016)	Prec@5 71.875 (76.468)
Epoch: [30][200/2689], lr: 0.00001	Time 4.868 (7.326)	Data 4.547 (6.994)	Loss 2.5501 (1.9953)	Prec@1 37.500 (49.223)	Prec@5 62.500 (76.695)
Epoch: [30][220/2689], lr: 0.00001	Time 5.066 (7.101)	Data 4.726 (6.770)	Loss 2.2773 (1.9978)	Prec@1 53.125 (49.251)	Prec@5 68.750 (76.626)
Epoch: [30][240/2689], lr: 0.00001	Time 4.843 (6.920)	Data 4.532 (6.589)	Loss 2.7563 (2.0112)	Prec@1 34.375 (48.950)	Prec@5 56.250 (76.271)
Epoch: [30][260/2689], lr: 0.00001	Time 5.157 (6.770)	Data 4.829 (6.439)	Loss 1.7443 (2.0076)	Prec@1 40.625 (48.910)	Prec@5 87.500 (76.389)
Epoch: [30][280/2689], lr: 0.00001	Time 4.933 (6.651)	Data 4.609 (6.320)	Loss 1.8809 (2.0046)	Prec@1 59.375 (48.932)	Prec@5 78.125 (76.412)
Epoch: [30][300/2689], lr: 0.00001	Time 5.044 (6.540)	Data 4.723 (6.210)	Loss 1.6524 (1.9953)	Prec@1 59.375 (49.034)	Prec@5 78.125 (76.568)
Epoch: [30][320/2689], lr: 0.00001	Time 5.418 (6.441)	Data 5.093 (6.111)	Loss 2.2148 (1.9930)	Prec@1 50.000 (48.949)	Prec@5 81.250 (76.636)
Epoch: [30][340/2689], lr: 0.00001	Time 5.081 (6.358)	Data 4.762 (6.028)	Loss 1.7806 (1.9907)	Prec@1 46.875 (48.854)	Prec@5 78.125 (76.686)
Epoch: [30][360/2689], lr: 0.00001	Time 4.735 (6.277)	Data 4.407 (5.948)	Loss 2.5419 (1.9916)	Prec@1 43.750 (48.927)	Prec@5 59.375 (76.541)
Epoch: [30][380/2689], lr: 0.00001	Time 5.053 (6.215)	Data 4.746 (5.886)	Loss 1.9889 (1.9941)	Prec@1 53.125 (48.926)	Prec@5 68.750 (76.567)
Epoch: [30][400/2689], lr: 0.00001	Time 4.683 (6.156)	Data 4.371 (5.827)	Loss 2.2645 (1.9926)	Prec@1 28.125 (48.917)	Prec@5 71.875 (76.652)
Epoch: [30][420/2689], lr: 0.00001	Time 5.901 (6.100)	Data 5.558 (5.771)	Loss 1.9613 (1.9852)	Prec@1 50.000 (49.109)	Prec@5 81.250 (76.744)
Epoch: [30][440/2689], lr: 0.00001	Time 4.703 (6.053)	Data 4.373 (5.725)	Loss 2.3663 (1.9927)	Prec@1 40.625 (48.930)	Prec@5 65.625 (76.623)
Epoch: [30][460/2689], lr: 0.00001	Time 4.737 (6.003)	Data 4.410 (5.674)	Loss 1.7599 (1.9955)	Prec@1 62.500 (48.861)	Prec@5 78.125 (76.579)
Epoch: [30][480/2689], lr: 0.00001	Time 5.059 (5.963)	Data 4.731 (5.635)	Loss 1.3634 (1.9951)	Prec@1 56.250 (48.818)	Prec@5 93.750 (76.520)
Epoch: [30][500/2689], lr: 0.00001	Time 5.217 (5.924)	Data 4.890 (5.596)	Loss 1.6279 (1.9941)	Prec@1 62.500 (48.796)	Prec@5 81.250 (76.534)
Epoch: [30][520/2689], lr: 0.00001	Time 4.786 (5.885)	Data 4.468 (5.557)	Loss 2.1728 (1.9946)	Prec@1 37.500 (48.782)	Prec@5 81.250 (76.607)
Epoch: [30][540/2689], lr: 0.00001	Time 4.706 (5.850)	Data 4.370 (5.522)	Loss 2.3326 (1.9950)	Prec@1 50.000 (48.793)	Prec@5 68.750 (76.635)
Epoch: [30][560/2689], lr: 0.00001	Time 4.862 (5.818)	Data 4.541 (5.490)	Loss 1.9624 (1.9960)	Prec@1 46.875 (48.769)	Prec@5 71.875 (76.660)
Epoch: [30][580/2689], lr: 0.00001	Time 4.744 (5.788)	Data 4.433 (5.461)	Loss 1.6803 (1.9921)	Prec@1 53.125 (48.833)	Prec@5 87.500 (76.684)
Epoch: [30][600/2689], lr: 0.00001	Time 4.956 (5.759)	Data 4.640 (5.432)	Loss 1.8639 (1.9892)	Prec@1 46.875 (48.840)	Prec@5 81.250 (76.763)
Epoch: [30][620/2689], lr: 0.00001	Time 4.827 (5.733)	Data 4.501 (5.405)	Loss 2.1540 (1.9905)	Prec@1 37.500 (48.853)	Prec@5 75.000 (76.711)
Epoch: [30][640/2689], lr: 0.00001	Time 4.496 (5.704)	Data 4.158 (5.377)	Loss 2.1401 (1.9892)	Prec@1 46.875 (48.874)	Prec@5 68.750 (76.750)
Epoch: [30][660/2689], lr: 0.00001	Time 4.715 (5.683)	Data 4.407 (5.356)	Loss 1.9480 (1.9885)	Prec@1 43.750 (48.913)	Prec@5 78.125 (76.782)
Epoch: [30][680/2689], lr: 0.00001	Time 4.943 (5.664)	Data 4.626 (5.337)	Loss 2.1318 (1.9871)	Prec@1 53.125 (48.876)	Prec@5 71.875 (76.868)
Epoch: [30][700/2689], lr: 0.00001	Time 4.875 (5.644)	Data 4.546 (5.317)	Loss 2.6276 (1.9880)	Prec@1 40.625 (48.872)	Prec@5 65.625 (76.828)
Epoch: [30][720/2689], lr: 0.00001	Time 4.879 (5.623)	Data 4.554 (5.296)	Loss 2.6161 (1.9886)	Prec@1 28.125 (48.890)	Prec@5 68.750 (76.833)
Epoch: [30][740/2689], lr: 0.00001	Time 4.717 (5.604)	Data 4.413 (5.277)	Loss 1.8051 (1.9884)	Prec@1 56.250 (48.878)	Prec@5 75.000 (76.851)
Epoch: [30][760/2689], lr: 0.00001	Time 4.900 (5.588)	Data 4.572 (5.261)	Loss 2.0545 (1.9912)	Prec@1 37.500 (48.760)	Prec@5 81.250 (76.864)
Epoch: [30][780/2689], lr: 0.00001	Time 4.835 (5.573)	Data 4.516 (5.245)	Loss 1.7096 (1.9893)	Prec@1 50.000 (48.752)	Prec@5 78.125 (76.877)
Epoch: [30][800/2689], lr: 0.00001	Time 4.989 (5.556)	Data 4.650 (5.229)	Loss 1.9606 (1.9875)	Prec@1 46.875 (48.763)	Prec@5 81.250 (76.931)
Epoch: [30][820/2689], lr: 0.00001	Time 4.980 (5.542)	Data 4.661 (5.215)	Loss 1.8420 (1.9875)	Prec@1 56.250 (48.771)	Prec@5 81.250 (76.884)
Epoch: [30][840/2689], lr: 0.00001	Time 5.049 (5.528)	Data 4.719 (5.201)	Loss 1.9590 (1.9871)	Prec@1 50.000 (48.804)	Prec@5 71.875 (76.880)
Epoch: [30][860/2689], lr: 0.00001	Time 5.278 (5.515)	Data 4.958 (5.188)	Loss 2.1638 (1.9855)	Prec@1 40.625 (48.842)	Prec@5 75.000 (76.891)
Epoch: [30][880/2689], lr: 0.00001	Time 4.784 (5.502)	Data 4.487 (5.175)	Loss 1.4922 (1.9840)	Prec@1 65.625 (48.886)	Prec@5 87.500 (76.937)
Epoch: [30][900/2689], lr: 0.00001	Time 4.933 (5.489)	Data 4.615 (5.162)	Loss 1.4828 (1.9840)	Prec@1 62.500 (48.904)	Prec@5 87.500 (76.928)
Epoch: [30][920/2689], lr: 0.00001	Time 4.870 (5.477)	Data 4.554 (5.150)	Loss 1.5666 (1.9840)	Prec@1 62.500 (48.938)	Prec@5 78.125 (76.887)
Epoch: [30][940/2689], lr: 0.00001	Time 4.827 (5.463)	Data 4.506 (5.136)	Loss 1.5561 (1.9848)	Prec@1 59.375 (48.944)	Prec@5 84.375 (76.913)
Epoch: [30][960/2689], lr: 0.00001	Time 4.941 (5.451)	Data 4.617 (5.125)	Loss 1.8274 (1.9872)	Prec@1 53.125 (48.953)	Prec@5 71.875 (76.870)
Epoch: [30][980/2689], lr: 0.00001	Time 5.127 (5.441)	Data 4.817 (5.114)	Loss 1.5953 (1.9862)	Prec@1 59.375 (48.965)	Prec@5 87.500 (76.921)
Epoch: [30][1000/2689], lr: 0.00001	Time 4.693 (5.428)	Data 4.375 (5.102)	Loss 2.1952 (1.9854)	Prec@1 40.625 (48.982)	Prec@5 65.625 (76.932)
Epoch: [30][1020/2689], lr: 0.00001	Time 4.618 (5.417)	Data 4.296 (5.091)	Loss 2.1582 (1.9849)	Prec@1 43.750 (48.962)	Prec@5 65.625 (76.956)
Epoch: [30][1040/2689], lr: 0.00001	Time 4.922 (5.408)	Data 4.611 (5.082)	Loss 1.8402 (1.9845)	Prec@1 62.500 (48.976)	Prec@5 78.125 (76.951)
Epoch: [30][1060/2689], lr: 0.00001	Time 4.894 (5.397)	Data 4.577 (5.071)	Loss 2.1870 (1.9835)	Prec@1 59.375 (49.007)	Prec@5 75.000 (76.967)
Epoch: [30][1080/2689], lr: 0.00001	Time 4.927 (5.389)	Data 4.608 (5.062)	Loss 2.0914 (1.9826)	Prec@1 50.000 (49.034)	Prec@5 71.875 (76.983)
Epoch: [30][1100/2689], lr: 0.00001	Time 4.949 (5.381)	Data 4.611 (5.055)	Loss 2.0796 (1.9828)	Prec@1 46.875 (49.004)	Prec@5 75.000 (76.993)
Epoch: [30][1120/2689], lr: 0.00001	Time 4.772 (5.374)	Data 4.463 (5.048)	Loss 2.2594 (1.9838)	Prec@1 40.625 (48.963)	Prec@5 68.750 (76.965)
Epoch: [30][1140/2689], lr: 0.00001	Time 5.014 (5.366)	Data 4.692 (5.040)	Loss 1.9106 (1.9828)	Prec@1 37.500 (48.962)	Prec@5 75.000 (76.958)
Epoch: [30][1160/2689], lr: 0.00001	Time 4.685 (5.359)	Data 4.373 (5.033)	Loss 1.9761 (1.9812)	Prec@1 43.750 (48.991)	Prec@5 78.125 (77.005)
Epoch: [30][1180/2689], lr: 0.00001	Time 4.835 (5.353)	Data 4.521 (5.027)	Loss 1.7274 (1.9823)	Prec@1 59.375 (48.973)	Prec@5 75.000 (76.969)
Epoch: [30][1200/2689], lr: 0.00001	Time 4.862 (5.345)	Data 4.532 (5.019)	Loss 1.8326 (1.9819)	Prec@1 53.125 (48.970)	Prec@5 81.250 (76.967)
Epoch: [30][1220/2689], lr: 0.00001	Time 4.692 (5.338)	Data 4.368 (5.012)	Loss 1.6551 (1.9809)	Prec@1 50.000 (48.969)	Prec@5 84.375 (76.963)
Epoch: [30][1240/2689], lr: 0.00001	Time 5.686 (5.333)	Data 5.364 (5.007)	Loss 1.8153 (1.9822)	Prec@1 53.125 (48.942)	Prec@5 71.875 (76.936)
Epoch: [30][1260/2689], lr: 0.00001	Time 4.783 (5.325)	Data 4.463 (5.000)	Loss 1.3544 (1.9814)	Prec@1 56.250 (48.924)	Prec@5 90.625 (76.995)
Epoch: [30][1280/2689], lr: 0.00001	Time 4.765 (5.319)	Data 4.448 (4.994)	Loss 1.5023 (1.9801)	Prec@1 62.500 (48.963)	Prec@5 87.500 (77.025)
Epoch: [30][1300/2689], lr: 0.00001	Time 4.868 (5.313)	Data 4.567 (4.988)	Loss 1.8420 (1.9805)	Prec@1 53.125 (48.965)	Prec@5 75.000 (77.027)
Epoch: [30][1320/2689], lr: 0.00001	Time 5.033 (5.307)	Data 4.709 (4.982)	Loss 2.3838 (1.9807)	Prec@1 40.625 (48.980)	Prec@5 75.000 (77.037)
Epoch: [30][1340/2689], lr: 0.00001	Time 4.956 (5.301)	Data 4.632 (4.976)	Loss 1.7352 (1.9799)	Prec@1 68.750 (49.007)	Prec@5 75.000 (77.044)
Epoch: [30][1360/2689], lr: 0.00001	Time 4.613 (5.297)	Data 4.295 (4.971)	Loss 2.2642 (1.9803)	Prec@1 50.000 (48.978)	Prec@5 71.875 (77.060)
Epoch: [30][1380/2689], lr: 0.00001	Time 4.805 (5.292)	Data 4.487 (4.967)	Loss 1.8120 (1.9791)	Prec@1 43.750 (49.020)	Prec@5 81.250 (77.071)
Epoch: [30][1400/2689], lr: 0.00001	Time 5.015 (5.288)	Data 4.693 (4.963)	Loss 2.0670 (1.9801)	Prec@1 56.250 (49.012)	Prec@5 75.000 (77.039)
Epoch: [30][1420/2689], lr: 0.00001	Time 5.081 (5.281)	Data 4.765 (4.956)	Loss 1.9778 (1.9803)	Prec@1 46.875 (49.015)	Prec@5 71.875 (77.047)
Epoch: [30][1440/2689], lr: 0.00001	Time 5.319 (5.275)	Data 5.009 (4.950)	Loss 2.1975 (1.9812)	Prec@1 34.375 (48.983)	Prec@5 75.000 (77.026)
Epoch: [30][1460/2689], lr: 0.00001	Time 5.036 (5.270)	Data 4.727 (4.945)	Loss 2.5429 (1.9809)	Prec@1 31.250 (48.993)	Prec@5 65.625 (77.043)
Epoch: [30][1480/2689], lr: 0.00001	Time 4.738 (5.266)	Data 4.420 (4.941)	Loss 2.4314 (1.9800)	Prec@1 46.875 (49.019)	Prec@5 71.875 (77.070)
Epoch: [30][1500/2689], lr: 0.00001	Time 4.954 (5.261)	Data 4.628 (4.936)	Loss 1.9326 (1.9785)	Prec@1 50.000 (49.053)	Prec@5 75.000 (77.074)
Epoch: [30][1520/2689], lr: 0.00001	Time 4.981 (5.257)	Data 4.621 (4.932)	Loss 1.6899 (1.9792)	Prec@1 53.125 (49.026)	Prec@5 84.375 (77.079)
Epoch: [30][1540/2689], lr: 0.00001	Time 5.034 (5.255)	Data 4.716 (4.930)	Loss 2.2873 (1.9793)	Prec@1 37.500 (49.008)	Prec@5 68.750 (77.066)
Epoch: [30][1560/2689], lr: 0.00001	Time 4.932 (5.251)	Data 4.626 (4.926)	Loss 1.6646 (1.9793)	Prec@1 62.500 (48.995)	Prec@5 84.375 (77.068)
Epoch: [30][1580/2689], lr: 0.00001	Time 4.778 (5.247)	Data 4.458 (4.922)	Loss 1.9963 (1.9801)	Prec@1 34.375 (48.982)	Prec@5 78.125 (77.028)
Epoch: [30][1600/2689], lr: 0.00001	Time 4.642 (5.243)	Data 4.325 (4.918)	Loss 2.1847 (1.9803)	Prec@1 46.875 (48.981)	Prec@5 68.750 (77.009)
Epoch: [30][1620/2689], lr: 0.00001	Time 5.033 (5.239)	Data 4.713 (4.914)	Loss 2.3026 (1.9817)	Prec@1 50.000 (48.957)	Prec@5 62.500 (76.991)
Epoch: [30][1640/2689], lr: 0.00001	Time 4.736 (5.234)	Data 4.417 (4.909)	Loss 2.5253 (1.9823)	Prec@1 40.625 (48.930)	Prec@5 68.750 (76.984)
Epoch: [30][1660/2689], lr: 0.00001	Time 4.898 (5.231)	Data 4.570 (4.906)	Loss 2.5239 (1.9827)	Prec@1 40.625 (48.914)	Prec@5 65.625 (76.974)
Epoch: [30][1680/2689], lr: 0.00001	Time 4.402 (5.227)	Data 4.085 (4.902)	Loss 1.9252 (1.9837)	Prec@1 56.250 (48.922)	Prec@5 87.500 (76.963)
Epoch: [30][1700/2689], lr: 0.00001	Time 4.774 (5.223)	Data 4.425 (4.898)	Loss 2.0034 (1.9841)	Prec@1 50.000 (48.918)	Prec@5 78.125 (76.951)
Epoch: [30][1720/2689], lr: 0.00001	Time 4.904 (5.219)	Data 4.577 (4.894)	Loss 1.7484 (1.9828)	Prec@1 50.000 (48.941)	Prec@5 75.000 (76.950)
Epoch: [30][1740/2689], lr: 0.00001	Time 4.755 (5.216)	Data 4.433 (4.891)	Loss 2.8473 (1.9838)	Prec@1 21.875 (48.937)	Prec@5 62.500 (76.928)
Epoch: [30][1760/2689], lr: 0.00001	Time 4.820 (5.213)	Data 4.504 (4.888)	Loss 1.9542 (1.9834)	Prec@1 59.375 (48.962)	Prec@5 75.000 (76.936)
Epoch: [30][1780/2689], lr: 0.00001	Time 4.669 (5.209)	Data 4.336 (4.885)	Loss 2.1194 (1.9844)	Prec@1 43.750 (48.945)	Prec@5 71.875 (76.942)
Epoch: [30][1800/2689], lr: 0.00001	Time 5.124 (5.206)	Data 4.802 (4.882)	Loss 1.6004 (1.9833)	Prec@1 62.500 (48.968)	Prec@5 84.375 (76.969)
Epoch: [30][1820/2689], lr: 0.00001	Time 4.908 (5.203)	Data 4.586 (4.878)	Loss 2.4890 (1.9844)	Prec@1 37.500 (48.922)	Prec@5 62.500 (76.955)
Epoch: [30][1840/2689], lr: 0.00001	Time 5.147 (5.200)	Data 4.848 (4.875)	Loss 1.5533 (1.9844)	Prec@1 56.250 (48.910)	Prec@5 87.500 (76.961)
Epoch: [30][1860/2689], lr: 0.00001	Time 4.996 (5.196)	Data 4.685 (4.872)	Loss 1.6091 (1.9848)	Prec@1 53.125 (48.887)	Prec@5 81.250 (76.971)
Epoch: [30][1880/2689], lr: 0.00001	Time 4.754 (5.194)	Data 4.443 (4.869)	Loss 1.9319 (1.9854)	Prec@1 46.875 (48.860)	Prec@5 75.000 (76.964)
Epoch: [30][1900/2689], lr: 0.00001	Time 4.848 (5.191)	Data 4.536 (4.866)	Loss 2.0979 (1.9861)	Prec@1 43.750 (48.871)	Prec@5 68.750 (76.940)
Epoch: [30][1920/2689], lr: 0.00001	Time 5.027 (5.188)	Data 4.708 (4.863)	Loss 1.9664 (1.9854)	Prec@1 43.750 (48.899)	Prec@5 81.250 (76.939)
Epoch: [30][1940/2689], lr: 0.00001	Time 5.057 (5.187)	Data 4.723 (4.862)	Loss 2.2428 (1.9858)	Prec@1 37.500 (48.883)	Prec@5 71.875 (76.950)
Epoch: [30][1960/2689], lr: 0.00001	Time 4.810 (5.185)	Data 4.508 (4.860)	Loss 1.8940 (1.9848)	Prec@1 53.125 (48.905)	Prec@5 78.125 (76.954)
Epoch: [30][1980/2689], lr: 0.00001	Time 5.420 (5.183)	Data 5.095 (4.859)	Loss 1.9677 (1.9840)	Prec@1 56.250 (48.927)	Prec@5 65.625 (76.956)
Epoch: [30][2000/2689], lr: 0.00001	Time 5.212 (5.180)	Data 4.887 (4.856)	Loss 2.3668 (1.9838)	Prec@1 34.375 (48.922)	Prec@5 78.125 (76.952)
Epoch: [30][2020/2689], lr: 0.00001	Time 4.719 (5.178)	Data 4.407 (4.854)	Loss 1.7944 (1.9830)	Prec@1 50.000 (48.930)	Prec@5 78.125 (76.978)
Epoch: [30][2040/2689], lr: 0.00001	Time 4.662 (5.176)	Data 4.343 (4.852)	Loss 2.3820 (1.9825)	Prec@1 50.000 (48.948)	Prec@5 75.000 (76.986)
Epoch: [30][2060/2689], lr: 0.00001	Time 5.057 (5.174)	Data 4.753 (4.849)	Loss 1.8572 (1.9823)	Prec@1 53.125 (48.964)	Prec@5 68.750 (76.988)
Epoch: [30][2080/2689], lr: 0.00001	Time 4.912 (5.171)	Data 4.594 (4.847)	Loss 2.2356 (1.9821)	Prec@1 40.625 (48.973)	Prec@5 71.875 (76.993)
Epoch: [30][2100/2689], lr: 0.00001	Time 4.852 (5.169)	Data 4.533 (4.844)	Loss 2.0543 (1.9824)	Prec@1 46.875 (48.975)	Prec@5 81.250 (76.993)
Epoch: [30][2120/2689], lr: 0.00001	Time 4.715 (5.166)	Data 4.396 (4.842)	Loss 2.4862 (1.9827)	Prec@1 34.375 (48.975)	Prec@5 68.750 (76.998)
Epoch: [30][2140/2689], lr: 0.00001	Time 4.768 (5.164)	Data 4.426 (4.840)	Loss 2.2543 (1.9824)	Prec@1 37.500 (48.968)	Prec@5 62.500 (76.992)
Epoch: [30][2160/2689], lr: 0.00001	Time 4.878 (5.162)	Data 4.569 (4.838)	Loss 1.8249 (1.9825)	Prec@1 56.250 (48.965)	Prec@5 81.250 (76.975)
Epoch: [30][2180/2689], lr: 0.00001	Time 4.667 (5.160)	Data 4.347 (4.836)	Loss 1.1768 (1.9821)	Prec@1 78.125 (48.976)	Prec@5 90.625 (76.984)
Epoch: [30][2200/2689], lr: 0.00001	Time 4.785 (5.159)	Data 4.462 (4.834)	Loss 1.8054 (1.9827)	Prec@1 53.125 (48.962)	Prec@5 75.000 (76.976)
Epoch: [30][2220/2689], lr: 0.00001	Time 4.938 (5.158)	Data 4.629 (4.834)	Loss 1.9530 (1.9820)	Prec@1 46.875 (48.970)	Prec@5 71.875 (76.981)
Epoch: [30][2240/2689], lr: 0.00001	Time 4.938 (5.157)	Data 4.625 (4.833)	Loss 2.0797 (1.9826)	Prec@1 43.750 (48.965)	Prec@5 71.875 (76.970)
Epoch: [30][2260/2689], lr: 0.00001	Time 5.007 (5.155)	Data 4.686 (4.831)	Loss 2.1969 (1.9827)	Prec@1 46.875 (48.970)	Prec@5 71.875 (76.971)
Epoch: [30][2280/2689], lr: 0.00001	Time 4.823 (5.153)	Data 4.498 (4.829)	Loss 1.8699 (1.9826)	Prec@1 56.250 (48.971)	Prec@5 78.125 (76.966)
Epoch: [30][2300/2689], lr: 0.00001	Time 4.997 (5.151)	Data 4.681 (4.827)	Loss 1.9495 (1.9821)	Prec@1 43.750 (48.996)	Prec@5 78.125 (76.967)
Epoch: [30][2320/2689], lr: 0.00001	Time 4.766 (5.150)	Data 4.456 (4.826)	Loss 1.6689 (1.9822)	Prec@1 56.250 (49.009)	Prec@5 81.250 (76.950)
Epoch: [30][2340/2689], lr: 0.00001	Time 4.956 (5.150)	Data 4.633 (4.826)	Loss 2.2491 (1.9826)	Prec@1 46.875 (49.012)	Prec@5 71.875 (76.946)
Epoch: [30][2360/2689], lr: 0.00001	Time 5.124 (5.148)	Data 4.806 (4.824)	Loss 1.7068 (1.9824)	Prec@1 43.750 (49.013)	Prec@5 84.375 (76.955)
Epoch: [30][2380/2689], lr: 0.00001	Time 5.015 (5.148)	Data 4.700 (4.823)	Loss 2.0372 (1.9829)	Prec@1 43.750 (48.983)	Prec@5 71.875 (76.948)
Epoch: [30][2400/2689], lr: 0.00001	Time 4.683 (5.146)	Data 4.378 (4.822)	Loss 1.6472 (1.9829)	Prec@1 68.750 (49.000)	Prec@5 81.250 (76.951)
Epoch: [30][2420/2689], lr: 0.00001	Time 5.134 (5.145)	Data 4.793 (4.821)	Loss 2.3538 (1.9826)	Prec@1 40.625 (49.004)	Prec@5 65.625 (76.949)
Epoch: [30][2440/2689], lr: 0.00001	Time 5.002 (5.144)	Data 4.684 (4.820)	Loss 2.6003 (1.9825)	Prec@1 31.250 (48.998)	Prec@5 65.625 (76.948)
Epoch: [30][2460/2689], lr: 0.00001	Time 4.991 (5.142)	Data 4.669 (4.818)	Loss 1.9507 (1.9818)	Prec@1 59.375 (49.021)	Prec@5 78.125 (76.958)
Epoch: [30][2480/2689], lr: 0.00001	Time 4.700 (5.141)	Data 4.386 (4.817)	Loss 2.0304 (1.9826)	Prec@1 53.125 (49.006)	Prec@5 78.125 (76.931)
Epoch: [30][2500/2689], lr: 0.00001	Time 5.022 (5.139)	Data 4.701 (4.815)	Loss 1.7174 (1.9818)	Prec@1 65.625 (49.002)	Prec@5 81.250 (76.943)
Epoch: [30][2520/2689], lr: 0.00001	Time 4.882 (5.138)	Data 4.561 (4.814)	Loss 2.4007 (1.9817)	Prec@1 37.500 (49.010)	Prec@5 68.750 (76.936)
Epoch: [30][2540/2689], lr: 0.00001	Time 5.031 (5.137)	Data 4.700 (4.813)	Loss 2.0032 (1.9820)	Prec@1 46.875 (48.984)	Prec@5 78.125 (76.921)
Epoch: [30][2560/2689], lr: 0.00001	Time 5.039 (5.136)	Data 4.713 (4.812)	Loss 1.8239 (1.9823)	Prec@1 53.125 (49.002)	Prec@5 78.125 (76.906)
Epoch: [30][2580/2689], lr: 0.00001	Time 5.012 (5.134)	Data 4.689 (4.810)	Loss 1.5820 (1.9812)	Prec@1 50.000 (49.010)	Prec@5 81.250 (76.924)
Epoch: [30][2600/2689], lr: 0.00001	Time 4.833 (5.134)	Data 4.512 (4.810)	Loss 1.9308 (1.9811)	Prec@1 53.125 (49.017)	Prec@5 78.125 (76.933)
Epoch: [30][2620/2689], lr: 0.00001	Time 5.565 (5.133)	Data 5.249 (4.809)	Loss 2.1555 (1.9808)	Prec@1 46.875 (49.012)	Prec@5 71.875 (76.939)
Epoch: [30][2640/2689], lr: 0.00001	Time 4.902 (5.132)	Data 4.579 (4.808)	Loss 1.9240 (1.9815)	Prec@1 46.875 (49.017)	Prec@5 84.375 (76.933)
Epoch: [30][2660/2689], lr: 0.00001	Time 5.011 (5.131)	Data 4.702 (4.807)	Loss 2.3989 (1.9816)	Prec@1 37.500 (49.018)	Prec@5 68.750 (76.926)
Epoch: [30][2680/2689], lr: 0.00001	Time 5.087 (5.130)	Data 4.757 (4.806)	Loss 1.2411 (1.9818)	Prec@1 62.500 (49.010)	Prec@5 87.500 (76.927)
Test: [0/361]	Time 5.526 (5.526)	Loss 3.5873 (3.5873)	Prec@1 25.000 (25.000)	Prec@5 53.125 (53.125)
Test: [20/361]	Time 4.785 (4.803)	Loss 3.3503 (3.1389)	Prec@1 9.375 (27.530)	Prec@5 56.250 (61.012)
Test: [40/361]	Time 4.657 (4.757)	Loss 3.6121 (3.2509)	Prec@1 28.125 (26.067)	Prec@5 53.125 (58.537)
Test: [60/361]	Time 5.526 (4.786)	Loss 2.9672 (3.3330)	Prec@1 34.375 (26.025)	Prec@5 56.250 (56.660)
Test: [80/361]	Time 4.733 (4.781)	Loss 3.1001 (3.3442)	Prec@1 31.250 (25.965)	Prec@5 65.625 (56.674)
Test: [100/361]	Time 4.713 (4.776)	Loss 2.9529 (3.3662)	Prec@1 28.125 (25.866)	Prec@5 65.625 (55.910)
Test: [120/361]	Time 4.662 (4.770)	Loss 3.4894 (3.3847)	Prec@1 18.750 (25.826)	Prec@5 50.000 (55.656)
Test: [140/361]	Time 4.740 (4.767)	Loss 4.3950 (3.3796)	Prec@1 28.125 (25.798)	Prec@5 46.875 (55.962)
Test: [160/361]	Time 4.740 (4.767)	Loss 2.7623 (3.4039)	Prec@1 25.000 (25.602)	Prec@5 62.500 (55.415)
Test: [180/361]	Time 4.753 (4.767)	Loss 3.0185 (3.4030)	Prec@1 25.000 (25.432)	Prec@5 59.375 (55.525)
Test: [200/361]	Time 4.788 (4.768)	Loss 4.0297 (3.3979)	Prec@1 18.750 (25.466)	Prec@5 31.250 (55.410)
Test: [220/361]	Time 4.819 (4.768)	Loss 3.6861 (3.4082)	Prec@1 18.750 (25.438)	Prec@5 53.125 (55.204)
Test: [240/361]	Time 4.727 (4.767)	Loss 2.8977 (3.4002)	Prec@1 25.000 (25.493)	Prec@5 68.750 (55.355)
Test: [260/361]	Time 4.833 (4.767)	Loss 3.5379 (3.4054)	Prec@1 21.875 (25.335)	Prec@5 50.000 (55.172)
Test: [280/361]	Time 4.875 (4.767)	Loss 3.8132 (3.4099)	Prec@1 25.000 (25.289)	Prec@5 46.875 (55.016)
Test: [300/361]	Time 4.719 (4.769)	Loss 2.8567 (3.3995)	Prec@1 18.750 (25.395)	Prec@5 56.250 (55.222)
Test: [320/361]	Time 4.839 (4.767)	Loss 2.9390 (3.3903)	Prec@1 25.000 (25.409)	Prec@5 59.375 (55.442)
Test: [340/361]	Time 4.847 (4.768)	Loss 3.2944 (3.3788)	Prec@1 18.750 (25.550)	Prec@5 50.000 (55.554)
Test: [360/361]	Time 0.080 (4.754)	Loss 6.6357 (3.3770)	Prec@1 0.000 (25.534)	Prec@5 0.000 (55.520)
Testing Results: Prec@1 25.534 Prec@5 55.520 Loss 3.37701 
Best Prec@1: 25.464
Epoch: [31][0/2689], lr: 0.00001	Time 5.818 (5.818)	Data 5.472 (5.472)	Loss 1.9547 (1.9547)	Prec@1 46.875 (46.875)	Prec@5 78.125 (78.125)
Epoch: [31][20/2689], lr: 0.00001	Time 4.581 (4.715)	Data 4.253 (4.389)	Loss 2.2175 (1.9524)	Prec@1 37.500 (48.363)	Prec@5 75.000 (77.976)
Epoch: [31][40/2689], lr: 0.00001	Time 4.816 (4.696)	Data 4.490 (4.368)	Loss 2.2375 (1.9656)	Prec@1 46.875 (48.933)	Prec@5 71.875 (76.905)
Epoch: [31][60/2689], lr: 0.00001	Time 4.702 (4.686)	Data 4.388 (4.358)	Loss 1.9546 (1.9191)	Prec@1 50.000 (51.127)	Prec@5 81.250 (78.279)
Epoch: [31][80/2689], lr: 0.00001	Time 4.566 (4.688)	Data 4.240 (4.361)	Loss 2.3338 (1.9582)	Prec@1 40.625 (50.579)	Prec@5 71.875 (78.318)
Epoch: [31][100/2689], lr: 0.00001	Time 5.118 (4.695)	Data 4.792 (4.368)	Loss 1.6458 (1.9557)	Prec@1 65.625 (50.309)	Prec@5 81.250 (78.342)
Epoch: [31][120/2689], lr: 0.00001	Time 4.737 (4.686)	Data 4.400 (4.359)	Loss 2.0551 (1.9444)	Prec@1 46.875 (50.542)	Prec@5 81.250 (78.332)
Epoch: [31][140/2689], lr: 0.00001	Time 4.699 (4.695)	Data 4.381 (4.369)	Loss 1.7183 (1.9574)	Prec@1 53.125 (49.978)	Prec@5 75.000 (77.815)
Epoch: [31][160/2689], lr: 0.00001	Time 5.115 (4.700)	Data 4.811 (4.373)	Loss 1.9108 (1.9603)	Prec@1 53.125 (49.942)	Prec@5 78.125 (77.776)
Epoch: [31][180/2689], lr: 0.00001	Time 4.610 (4.693)	Data 4.288 (4.367)	Loss 1.5646 (1.9534)	Prec@1 62.500 (50.363)	Prec@5 78.125 (77.745)
Epoch: [31][200/2689], lr: 0.00001	Time 4.790 (4.686)	Data 4.457 (4.361)	Loss 2.2347 (1.9664)	Prec@1 37.500 (49.829)	Prec@5 78.125 (77.612)
Epoch: [31][220/2689], lr: 0.00001	Time 4.558 (4.684)	Data 4.239 (4.358)	Loss 2.4164 (1.9586)	Prec@1 40.625 (49.873)	Prec@5 68.750 (77.701)
Epoch: [31][240/2689], lr: 0.00001	Time 4.695 (4.685)	Data 4.373 (4.360)	Loss 2.6782 (1.9606)	Prec@1 34.375 (49.494)	Prec@5 71.875 (77.827)
Epoch: [31][260/2689], lr: 0.00001	Time 4.745 (4.683)	Data 4.419 (4.357)	Loss 1.8894 (1.9519)	Prec@1 43.750 (49.473)	Prec@5 84.375 (77.981)
Epoch: [31][280/2689], lr: 0.00001	Time 4.755 (4.684)	Data 4.425 (4.358)	Loss 1.6597 (1.9477)	Prec@1 62.500 (49.555)	Prec@5 87.500 (78.081)
Epoch: [31][300/2689], lr: 0.00001	Time 4.379 (4.682)	Data 4.072 (4.356)	Loss 1.6351 (1.9480)	Prec@1 56.250 (49.574)	Prec@5 87.500 (78.073)
Epoch: [31][320/2689], lr: 0.00001	Time 4.660 (4.683)	Data 4.352 (4.358)	Loss 2.1016 (1.9600)	Prec@1 43.750 (49.289)	Prec@5 78.125 (77.784)
Epoch: [31][340/2689], lr: 0.00001	Time 4.741 (4.678)	Data 4.421 (4.354)	Loss 2.0614 (1.9644)	Prec@1 37.500 (49.212)	Prec@5 75.000 (77.777)
Epoch: [31][360/2689], lr: 0.00001	Time 4.442 (4.679)	Data 4.120 (4.354)	Loss 1.8921 (1.9631)	Prec@1 34.375 (49.325)	Prec@5 84.375 (77.701)
Epoch: [31][380/2689], lr: 0.00001	Time 4.700 (4.679)	Data 4.379 (4.355)	Loss 1.9610 (1.9604)	Prec@1 56.250 (49.500)	Prec@5 78.125 (77.731)
Epoch: [31][400/2689], lr: 0.00001	Time 4.802 (4.682)	Data 4.463 (4.358)	Loss 2.1902 (1.9670)	Prec@1 43.750 (49.361)	Prec@5 71.875 (77.611)
Epoch: [31][420/2689], lr: 0.00001	Time 4.697 (4.681)	Data 4.373 (4.357)	Loss 1.7373 (1.9671)	Prec@1 46.875 (49.376)	Prec@5 87.500 (77.635)
Epoch: [31][440/2689], lr: 0.00001	Time 4.535 (4.681)	Data 4.194 (4.357)	Loss 1.7585 (1.9668)	Prec@1 50.000 (49.348)	Prec@5 75.000 (77.622)
Epoch: [31][460/2689], lr: 0.00001	Time 4.541 (4.683)	Data 4.221 (4.359)	Loss 1.2963 (1.9658)	Prec@1 59.375 (49.336)	Prec@5 90.625 (77.630)
Epoch: [31][480/2689], lr: 0.00001	Time 4.563 (4.685)	Data 4.231 (4.361)	Loss 2.6140 (1.9663)	Prec@1 50.000 (49.285)	Prec@5 71.875 (77.644)
Epoch: [31][500/2689], lr: 0.00001	Time 4.772 (4.685)	Data 4.454 (4.360)	Loss 2.0771 (1.9681)	Prec@1 53.125 (49.245)	Prec@5 75.000 (77.682)
Epoch: [31][520/2689], lr: 0.00001	Time 5.852 (4.687)	Data 5.538 (4.363)	Loss 2.3729 (1.9727)	Prec@1 50.000 (49.250)	Prec@5 75.000 (77.663)
Epoch: [31][540/2689], lr: 0.00001	Time 4.826 (4.686)	Data 4.518 (4.361)	Loss 1.7616 (1.9738)	Prec@1 46.875 (49.209)	Prec@5 78.125 (77.657)
Epoch: [31][560/2689], lr: 0.00001	Time 4.375 (4.681)	Data 4.050 (4.357)	Loss 2.7384 (1.9766)	Prec@1 37.500 (49.153)	Prec@5 71.875 (77.568)
Epoch: [31][580/2689], lr: 0.00001	Time 4.870 (4.683)	Data 4.542 (4.359)	Loss 2.1077 (1.9785)	Prec@1 46.875 (49.048)	Prec@5 81.250 (77.469)
Epoch: [31][600/2689], lr: 0.00001	Time 4.580 (4.682)	Data 4.251 (4.358)	Loss 2.4188 (1.9790)	Prec@1 34.375 (48.981)	Prec@5 75.000 (77.454)
Epoch: [31][620/2689], lr: 0.00001	Time 4.685 (4.683)	Data 4.359 (4.358)	Loss 1.8338 (1.9758)	Prec@1 43.750 (49.019)	Prec@5 81.250 (77.506)
Epoch: [31][640/2689], lr: 0.00001	Time 5.143 (4.682)	Data 4.805 (4.358)	Loss 1.8300 (1.9742)	Prec@1 50.000 (49.030)	Prec@5 75.000 (77.511)
Epoch: [31][660/2689], lr: 0.00001	Time 4.584 (4.682)	Data 4.261 (4.358)	Loss 2.3071 (1.9762)	Prec@1 34.375 (48.974)	Prec@5 71.875 (77.435)
Epoch: [31][680/2689], lr: 0.00001	Time 4.618 (4.681)	Data 4.290 (4.357)	Loss 2.0817 (1.9813)	Prec@1 53.125 (48.876)	Prec@5 71.875 (77.327)
Epoch: [31][700/2689], lr: 0.00001	Time 5.208 (4.681)	Data 4.877 (4.357)	Loss 1.9025 (1.9787)	Prec@1 59.375 (48.930)	Prec@5 81.250 (77.407)
Epoch: [31][720/2689], lr: 0.00001	Time 4.636 (4.682)	Data 4.315 (4.358)	Loss 1.6996 (1.9783)	Prec@1 50.000 (48.964)	Prec@5 87.500 (77.349)
Epoch: [31][740/2689], lr: 0.00001	Time 4.529 (4.682)	Data 4.200 (4.358)	Loss 2.7745 (1.9825)	Prec@1 40.625 (48.912)	Prec@5 62.500 (77.282)
Epoch: [31][760/2689], lr: 0.00001	Time 4.829 (4.685)	Data 4.508 (4.361)	Loss 1.9882 (1.9783)	Prec@1 37.500 (48.977)	Prec@5 78.125 (77.337)
Epoch: [31][780/2689], lr: 0.00001	Time 4.659 (4.685)	Data 4.325 (4.360)	Loss 1.9361 (1.9766)	Prec@1 53.125 (49.060)	Prec@5 81.250 (77.309)
Epoch: [31][800/2689], lr: 0.00001	Time 4.551 (4.686)	Data 4.227 (4.361)	Loss 1.8393 (1.9786)	Prec@1 46.875 (49.044)	Prec@5 81.250 (77.290)
Epoch: [31][820/2689], lr: 0.00001	Time 4.732 (4.688)	Data 4.396 (4.363)	Loss 2.4775 (1.9782)	Prec@1 34.375 (49.090)	Prec@5 65.625 (77.284)
Epoch: [31][840/2689], lr: 0.00001	Time 4.945 (4.689)	Data 4.614 (4.364)	Loss 2.1223 (1.9822)	Prec@1 46.875 (49.004)	Prec@5 65.625 (77.222)
Epoch: [31][860/2689], lr: 0.00001	Time 4.851 (4.690)	Data 4.544 (4.365)	Loss 2.2855 (1.9831)	Prec@1 46.875 (48.944)	Prec@5 68.750 (77.192)
Epoch: [31][880/2689], lr: 0.00001	Time 4.425 (4.691)	Data 4.101 (4.367)	Loss 2.1922 (1.9824)	Prec@1 50.000 (48.978)	Prec@5 68.750 (77.206)
Epoch: [31][900/2689], lr: 0.00001	Time 4.646 (4.692)	Data 4.317 (4.368)	Loss 1.4045 (1.9802)	Prec@1 65.625 (49.001)	Prec@5 90.625 (77.241)
Epoch: [31][920/2689], lr: 0.00001	Time 4.559 (4.692)	Data 4.230 (4.367)	Loss 1.6404 (1.9796)	Prec@1 53.125 (49.067)	Prec@5 84.375 (77.267)
Epoch: [31][940/2689], lr: 0.00001	Time 5.024 (4.693)	Data 4.714 (4.368)	Loss 1.6440 (1.9792)	Prec@1 50.000 (49.057)	Prec@5 81.250 (77.258)
Epoch: [31][960/2689], lr: 0.00001	Time 4.606 (4.692)	Data 4.280 (4.368)	Loss 2.0562 (1.9817)	Prec@1 43.750 (49.034)	Prec@5 75.000 (77.231)
Epoch: [31][980/2689], lr: 0.00001	Time 4.840 (4.692)	Data 4.517 (4.368)	Loss 2.1104 (1.9840)	Prec@1 40.625 (48.981)	Prec@5 75.000 (77.163)
Epoch: [31][1000/2689], lr: 0.00001	Time 4.434 (4.691)	Data 4.110 (4.367)	Loss 1.4853 (1.9825)	Prec@1 59.375 (49.013)	Prec@5 81.250 (77.173)
Epoch: [31][1020/2689], lr: 0.00001	Time 4.886 (4.694)	Data 4.561 (4.369)	Loss 1.8144 (1.9829)	Prec@1 53.125 (48.978)	Prec@5 78.125 (77.158)
Epoch: [31][1040/2689], lr: 0.00001	Time 4.552 (4.693)	Data 4.234 (4.369)	Loss 2.2404 (1.9824)	Prec@1 37.500 (48.964)	Prec@5 78.125 (77.191)
Epoch: [31][1060/2689], lr: 0.00001	Time 4.577 (4.695)	Data 4.270 (4.371)	Loss 2.7582 (1.9846)	Prec@1 31.250 (48.937)	Prec@5 68.750 (77.171)
Epoch: [31][1080/2689], lr: 0.00001	Time 5.121 (4.695)	Data 4.788 (4.371)	Loss 1.8645 (1.9834)	Prec@1 56.250 (48.997)	Prec@5 71.875 (77.154)
Epoch: [31][1100/2689], lr: 0.00001	Time 4.463 (4.695)	Data 4.143 (4.371)	Loss 1.9393 (1.9827)	Prec@1 37.500 (49.004)	Prec@5 75.000 (77.160)
Epoch: [31][1120/2689], lr: 0.00001	Time 4.777 (4.696)	Data 4.454 (4.372)	Loss 2.1100 (1.9823)	Prec@1 50.000 (49.008)	Prec@5 68.750 (77.149)
Epoch: [31][1140/2689], lr: 0.00001	Time 4.606 (4.696)	Data 4.276 (4.373)	Loss 2.1023 (1.9834)	Prec@1 40.625 (48.948)	Prec@5 71.875 (77.142)
Epoch: [31][1160/2689], lr: 0.00001	Time 4.591 (4.696)	Data 4.260 (4.372)	Loss 1.3222 (1.9828)	Prec@1 65.625 (48.964)	Prec@5 81.250 (77.134)
Epoch: [31][1180/2689], lr: 0.00001	Time 4.892 (4.696)	Data 4.576 (4.373)	Loss 1.6296 (1.9815)	Prec@1 62.500 (48.976)	Prec@5 81.250 (77.175)
Epoch: [31][1200/2689], lr: 0.00001	Time 4.609 (4.697)	Data 4.280 (4.374)	Loss 2.3901 (1.9827)	Prec@1 43.750 (48.933)	Prec@5 71.875 (77.165)
Epoch: [31][1220/2689], lr: 0.00001	Time 4.865 (4.697)	Data 4.532 (4.373)	Loss 2.0205 (1.9844)	Prec@1 46.875 (48.923)	Prec@5 78.125 (77.145)
Epoch: [31][1240/2689], lr: 0.00001	Time 4.537 (4.697)	Data 4.218 (4.374)	Loss 1.5376 (1.9846)	Prec@1 62.500 (48.925)	Prec@5 78.125 (77.095)
Epoch: [31][1260/2689], lr: 0.00001	Time 4.937 (4.698)	Data 4.616 (4.375)	Loss 2.4216 (1.9841)	Prec@1 40.625 (48.924)	Prec@5 68.750 (77.109)
Epoch: [31][1280/2689], lr: 0.00001	Time 4.645 (4.699)	Data 4.327 (4.375)	Loss 2.4631 (1.9845)	Prec@1 40.625 (48.939)	Prec@5 68.750 (77.081)
Epoch: [31][1300/2689], lr: 0.00001	Time 4.622 (4.698)	Data 4.311 (4.375)	Loss 1.6617 (1.9825)	Prec@1 62.500 (49.025)	Prec@5 87.500 (77.135)
Epoch: [31][1320/2689], lr: 0.00001	Time 4.633 (4.698)	Data 4.312 (4.375)	Loss 2.0002 (1.9837)	Prec@1 43.750 (48.985)	Prec@5 78.125 (77.127)
Epoch: [31][1340/2689], lr: 0.00001	Time 5.057 (4.700)	Data 4.729 (4.376)	Loss 2.8078 (1.9818)	Prec@1 34.375 (49.012)	Prec@5 53.125 (77.156)
Epoch: [31][1360/2689], lr: 0.00001	Time 4.603 (4.699)	Data 4.289 (4.375)	Loss 1.9546 (1.9798)	Prec@1 56.250 (49.052)	Prec@5 75.000 (77.190)
Epoch: [31][1380/2689], lr: 0.00001	Time 4.562 (4.700)	Data 4.236 (4.376)	Loss 1.9124 (1.9791)	Prec@1 53.125 (49.063)	Prec@5 68.750 (77.190)
Epoch: [31][1400/2689], lr: 0.00001	Time 5.410 (4.700)	Data 5.085 (4.377)	Loss 1.9893 (1.9787)	Prec@1 46.875 (49.036)	Prec@5 78.125 (77.177)
Epoch: [31][1420/2689], lr: 0.00001	Time 4.699 (4.700)	Data 4.375 (4.377)	Loss 1.5540 (1.9783)	Prec@1 43.750 (48.993)	Prec@5 84.375 (77.151)
Epoch: [31][1440/2689], lr: 0.00001	Time 18.739 (4.785)	Data 18.389 (4.462)	Loss 1.9601 (1.9791)	Prec@1 53.125 (49.007)	Prec@5 75.000 (77.123)
Epoch: [31][1460/2689], lr: 0.00001	Time 4.688 (4.786)	Data 4.372 (4.463)	Loss 1.5111 (1.9787)	Prec@1 56.250 (48.999)	Prec@5 90.625 (77.143)
Epoch: [31][1480/2689], lr: 0.00001	Time 5.011 (4.787)	Data 4.702 (4.464)	Loss 2.1507 (1.9796)	Prec@1 46.875 (48.979)	Prec@5 71.875 (77.127)
Epoch: [31][1500/2689], lr: 0.00001	Time 4.727 (4.787)	Data 4.413 (4.464)	Loss 1.7446 (1.9795)	Prec@1 46.875 (48.965)	Prec@5 75.000 (77.136)
Epoch: [31][1520/2689], lr: 0.00001	Time 4.622 (4.789)	Data 4.295 (4.466)	Loss 1.8329 (1.9812)	Prec@1 50.000 (48.921)	Prec@5 87.500 (77.081)
Epoch: [31][1540/2689], lr: 0.00001	Time 4.623 (4.790)	Data 4.283 (4.467)	Loss 2.2522 (1.9799)	Prec@1 43.750 (48.954)	Prec@5 71.875 (77.101)
Epoch: [31][1560/2689], lr: 0.00001	Time 4.664 (4.790)	Data 4.328 (4.467)	Loss 1.9688 (1.9793)	Prec@1 56.250 (48.959)	Prec@5 78.125 (77.118)
Epoch: [31][1580/2689], lr: 0.00001	Time 4.853 (4.790)	Data 4.522 (4.467)	Loss 1.9866 (1.9789)	Prec@1 37.500 (48.962)	Prec@5 81.250 (77.125)
Epoch: [31][1600/2689], lr: 0.00001	Time 4.528 (4.790)	Data 4.197 (4.467)	Loss 1.9795 (1.9790)	Prec@1 46.875 (48.989)	Prec@5 75.000 (77.118)
Epoch: [31][1620/2689], lr: 0.00001	Time 5.040 (4.791)	Data 4.701 (4.468)	Loss 1.7235 (1.9769)	Prec@1 46.875 (49.019)	Prec@5 90.625 (77.167)
Epoch: [31][1640/2689], lr: 0.00001	Time 4.909 (4.792)	Data 4.573 (4.468)	Loss 1.7010 (1.9763)	Prec@1 56.250 (49.031)	Prec@5 78.125 (77.199)
Epoch: [31][1660/2689], lr: 0.00001	Time 5.020 (4.792)	Data 4.680 (4.469)	Loss 1.9315 (1.9769)	Prec@1 50.000 (49.010)	Prec@5 81.250 (77.226)
Epoch: [31][1680/2689], lr: 0.00001	Time 4.787 (4.792)	Data 4.450 (4.469)	Loss 1.7873 (1.9780)	Prec@1 46.875 (48.989)	Prec@5 84.375 (77.192)
Epoch: [31][1700/2689], lr: 0.00001	Time 4.927 (4.792)	Data 4.578 (4.469)	Loss 1.4551 (1.9784)	Prec@1 68.750 (48.980)	Prec@5 84.375 (77.172)
Epoch: [31][1720/2689], lr: 0.00001	Time 5.708 (4.793)	Data 5.369 (4.470)	Loss 1.8637 (1.9786)	Prec@1 62.500 (48.989)	Prec@5 75.000 (77.143)
Epoch: [31][1740/2689], lr: 0.00001	Time 4.689 (4.793)	Data 4.352 (4.470)	Loss 1.5095 (1.9786)	Prec@1 46.875 (48.993)	Prec@5 90.625 (77.143)
Epoch: [31][1760/2689], lr: 0.00001	Time 4.751 (4.793)	Data 4.414 (4.470)	Loss 2.1039 (1.9776)	Prec@1 40.625 (49.035)	Prec@5 71.875 (77.144)
Epoch: [31][1780/2689], lr: 0.00001	Time 5.166 (4.793)	Data 4.837 (4.470)	Loss 2.0016 (1.9769)	Prec@1 46.875 (49.075)	Prec@5 87.500 (77.163)
Epoch: [31][1800/2689], lr: 0.00001	Time 4.814 (4.793)	Data 4.473 (4.470)	Loss 2.0764 (1.9774)	Prec@1 53.125 (49.073)	Prec@5 65.625 (77.165)
Epoch: [31][1820/2689], lr: 0.00001	Time 4.480 (4.793)	Data 4.159 (4.470)	Loss 2.1296 (1.9777)	Prec@1 40.625 (49.046)	Prec@5 65.625 (77.162)
Epoch: [31][1840/2689], lr: 0.00001	Time 4.790 (4.794)	Data 4.465 (4.470)	Loss 1.2305 (1.9773)	Prec@1 71.875 (49.088)	Prec@5 87.500 (77.188)
Epoch: [31][1860/2689], lr: 0.00001	Time 5.045 (4.794)	Data 4.729 (4.470)	Loss 2.1664 (1.9780)	Prec@1 37.500 (49.065)	Prec@5 71.875 (77.166)
Epoch: [31][1880/2689], lr: 0.00001	Time 4.861 (4.793)	Data 4.543 (4.470)	Loss 1.3041 (1.9766)	Prec@1 65.625 (49.096)	Prec@5 87.500 (77.170)
Epoch: [31][1900/2689], lr: 0.00001	Time 4.726 (4.793)	Data 4.405 (4.470)	Loss 2.1852 (1.9774)	Prec@1 53.125 (49.088)	Prec@5 71.875 (77.158)
